"zone";"feuille";"station";"lon";"lat";"pluie_originale";"pluie_mm"
"ZONE NORD";"Nord";"KEUR MOMAR SARR";-16,16;15,33;"TR";0,1
"ZONE NORD";"Nord";"RANEROU-FERLO";-14,96;16,65;"54.100000000000001";54,1
"ZONE NORD";"Nord";"LOUGRE-MBABA";-16,08;15,23;"26.5";26,5
"ZONE NORD";"Nord";"DAKHAR NGOGNE";-15,5;16,52;"26";26
"ZONE NORD";"Nord";"LOUMBOUL-SAMBA-ABDOUL";-14,58;15,57;"25.399999999999999";25,4
"ZONE NORD";"Nord";"DENDOUDJI";-12,7;15,08;"25";25
"ZONE NORD";"Nord";"FOURDOU";-13,55;15,18;"25";25
"ZONE NORD";"Nord";"NAMARY";-13,58;15,18;"24";24
"ZONE NORD";"Nord";"BELEL";-14,15;15,21;"23.5";23,5
"ZONE NORD";"Nord";"N'DANDE";-16,27;15,92;"21.300000000000001";21,3
"ZONE NORD";"Nord";"NGAGNE DIOUF";-13,42;15,82;"20";20
"ZONE NORD";"Nord";"YOUNOUFERE";-14,44;14,37;"17";17
"ZONE NORD";"Nord";"FETE BOWE";-15,22;16,52;"15.1";15,1
"ZONE NORD";"Nord";"NAOURE";-14,25;15,48;"15";15
"ZONE NORD";"Nord";"LINGUERE METEO";-16,2;15,5;"14.5";14,5
"ZONE NORD";"Nord";"DAROUMOUSTY";-16,58;15,22;"14.300000000000001";14,3
"ZONE NORD";"Nord";"KOURBOL";-15,17;15,58;"13.5";13,5
"ZONE NORD";"Nord";"KATANE";-15,42;15,52;"13.4";13,4
"ZONE NORD";"Nord";"BOULAL";-14,1;15,25;"13";13
"ZONE NORD";"Nord";"MBANE";-13,25;15,64;"11.6";11,6
"ZONE NORD";"Nord";"KANENE NDIOB";-14,65;16,51;"11.199999999999999";11,2
"ZONE NORD";"Nord";"MALANDOU";-13,83;15,08;"11";11
"ZONE NORD";"Nord";"LOUGRE-THIOLY";-14,75;16,55;"10";10
"ZONE NORD";"Nord";"SAGATA-GUETH";-15,55;15,22;"8.1999999999999993";8,2
"ZONE NORD";"Nord";"VELINGARA-FERLO";-15,13;15,42;"7";7
"ZONE NORD";"Nord";"KEBEMER";-14,11;15,5;"5.2000000000000002";5,2
"ZONE NORD";"Nord";"THIAMENE KAYOR";-15,86;15,42;"5";5
"ZONE NORD";"Nord";"NDIAGNE";-13,25;15,66;"3";3
"ZONE NORD";"Nord";"REWANE";-16,17;15,36;"3";3
"ZONE NORD";"Nord";"NAMAREL";-16,17;15,67;"2";2
"ZONE NORD";"Nord";"LOUGA METEO";-15,07;15,27;"0.20000000000000001";0,2
"ZONE NORD";"Nord";"AERE LAO";-14,46;15,15;"0";0
"ZONE NORD";"Nord";"BARKEDJI";-14,32;16,4;"0";0
"ZONE NORD";"Nord";"BOKHOL";-14,85;15,27;"0";0
"ZONE NORD";"Nord";"BOKI-DIAVE";-16,42;16,03;"0";0
"ZONE NORD";"Nord";"BOULAL";-13,48;15,88;"0";0
"ZONE NORD";"Nord";"BOW";-15,65;15,38;"0";0
"ZONE NORD";"Nord";"CEEBE-COLY";-13,49;14,92;"0";0
"ZONE NORD";"Nord";"COKI";-13,17;15,48;"0";0
"ZONE NORD";"Nord";"DABIA";-15,27;15,4;"0";0
"ZONE NORD";"Nord";"DAGANA";-13,49;15,96;"0";0
"ZONE NORD";"Nord";"DAHRA";-14,38;15,4;"0";0
"ZONE NORD";"Nord";"DEALY";-16,04;15,04;"0";0
"ZONE NORD";"Nord";"DEMBANKANE";-15,72;15,03;"0";0
"ZONE NORD";"Nord";"DODJI";-13,53;15,38;"0";0
"ZONE NORD";"Nord";"DOUNDODJI";-14,93;15,53;"0";0
"ZONE NORD";"Nord";"FANAYE DIERI";-15,18;15,47;"0";0
"ZONE NORD";"Nord";"FETOLAOBE";-13,67;14,74;"0";0
"ZONE NORD";"Nord";"FOURDOU";-13,9;14,85;"0";0
"ZONE NORD";"Nord";"GALOYA";-14,31;15,08;"0";0
"ZONE NORD";"Nord";"GANGUEL-SOULE";-13,85;16,07;"0";0
"ZONE NORD";"Nord";"GASSANE";-13,58;15,63;"0";0
"ZONE NORD";"Nord";"GOREE-WALY";-15,28;14,82;"0";0
"ZONE NORD";"Nord";"GOULOM-MBETHIO";-15,2;15,3;"0";0
"ZONE NORD";"Nord";"GUEDE CHANTIERS";-12,87;15,25;"0";0
"ZONE NORD";"Nord";"GUENENE";-15,28;15,47;"0";0
"ZONE NORD";"Nord";"GUEOUL";-15,12;15,37;"0";0
"ZONE NORD";"Nord";"GUEYE-KADAR";-16,34;15,48;"0";0
"ZONE NORD";"Nord";"GUIDJILOGNE";-14,55;16,43;"0";0
"ZONE NORD";"Nord";"HAMADY-OUNARE";-13,33;15,93;"0";0
"ZONE NORD";"Nord";"KADD-BALLODJI";-13,02;15,33;"0";0
"ZONE NORD";"Nord";"KADJI";-15,77;14,97;"0";0
"ZONE NORD";"Nord";"KADJI-MADIA";-15,05;15,45;"0";0
"ZONE NORD";"Nord";"KAMB";-15,05;15,45;"0";0
"ZONE NORD";"Nord";"KANEL";-13,93;16,1;"0";0
"ZONE NORD";"Nord";"KELLE";-16,44;15,37;"0";0
"ZONE NORD";"Nord";"KHOGUE";-15,96;16;"0";0
"ZONE NORD";"Nord";"KOBILO";-15,17;15,28;"0";0
"ZONE NORD";"Nord";"LABGAR";-13,52;15,92;"0";0
"ZONE NORD";"Nord";"LAMPSAR";-14,8;15,82;"0";0
"ZONE NORD";"Nord";"LEONA";-16,33;16,1;"0";0
"ZONE NORD";"Nord";"LINGUERE VILLE";-15,13;15,13;"0";0
"ZONE NORD";"Nord";"LORO";-15,1;15,38;"0";0
"ZONE NORD";"Nord";"LOUMBI";-15,23;16,17;"0";0
"ZONE NORD";"Nord";"MAKATARE";-14,63;14,85;"0";0
"ZONE NORD";"Nord";"LINDE-MOURIDE";-15,35;15,63;"0";0
"ZONE NORD";"Nord";"MATAM";-16,41;15,79;"0";0
"ZONE NORD";"Nord";"MBAR TOUBAB";-15,89;15,61;"0";0
"ZONE NORD";"Nord";"MBEDIENE";-15,67;16,02;"0";0
"ZONE NORD";"Nord";"MBELONE";-15,78;16,27;"0";0
"ZONE NORD";"Nord";"MBEM-MBEM";-13,77;15,92;"0";0
"ZONE NORD";"Nord";"MBEULEUKHE";-16,43;15,63;"0";0
"ZONE NORD";"Nord";"M'BIDY";-14,4;14,81;"0";0
"ZONE NORD";"Nord";"MBOLO BIRANE";-14,93;16,13;"0";0
"ZONE NORD";"Nord";"MBOULA";-13,8;16,05;"0";0
"ZONE NORD";"Nord";"MBOUMBA";-15,43;15,67;"0";0
"ZONE NORD";"Nord";"MBOUNDOU-MBABA";-14,02;16,18;"0";0
"ZONE NORD";"Nord";"MOGOTAFSIR-BALA";-14,37;13,99;"0";0
"ZONE NORD";"Nord";"MPAL";-13,38;15,65;"0";0
"ZONE NORD";"Nord";"NDIAFANE";-16,56;15,28;"0";0
"ZONE NORD";"Nord";"NDIAYE";-16,07;15,42;"0";0
"ZONE NORD";"Nord";"N'DIOUM";-14,26;15,02;"0";0
"ZONE NORD";"Nord";"NDOULOUMADJI-FOUNEBE";-16,27;16,2;"0";0
"ZONE NORD";"Nord";"NGARAAF";-16,2;15,18;"0";0
"ZONE NORD";"Nord";"NGOUYE-DIERY";-15,28;15,35;"0";0
"ZONE NORD";"Nord";"NGUERMALAL";-15,25;15,55;"0";0
"ZONE NORD";"Nord";"NGUIDILE";-15,84;15,85;"0";0
"ZONE NORD";"Nord";"NGUITH";-16,21;15,77;"0";0
"ZONE NORD";"Nord";"NIOMRE";-15,15;15,4;"0";0
"ZONE NORD";"Nord";"OGO";-16,09;15,82;"0";0
"ZONE NORD";"Nord";"OREFONDE";-13,28;15,55;"0";0
"ZONE NORD";"Nord";"OUARKHOKH";-13,72;16,03;"0";0
"ZONE NORD";"Nord";"OUDALAYE";-15,23;15,38;"0";0
"ZONE NORD";"Nord";"OUROSSOGUI";-14,21;14,83;"0";0
"ZONE NORD";"Nord";"PETE";-13,89;15,32;"0";0
"ZONE NORD";"Nord";"PODOR";-15,28;15,18;"0";0
"ZONE NORD";"Nord";"POTOU";-13,32;15,6;"0";0
"ZONE NORD";"Nord";"RANCH DOLI";-16,5;15,72;"0";0
"ZONE NORD";"Nord";"RAO";-15,17;14,75;"0";0
"ZONE NORD";"Nord";"RICHARD TOLL";-16,38;15,92;"0";0
"ZONE NORD";"Nord";"ROSS-BETHIO";-15,7;16,45;"0";0
"ZONE NORD";"Nord";"ROSSO-SENEGAL";-16,13;16,28;"0";0
"ZONE NORD";"Nord";"SAGATA-DJOLOFF";-15,8;16,5;"0";0
"ZONE NORD";"Nord";"Saint-Louis-Aero";-16,17;15,28;"0";0
"ZONE NORD";"Nord";"SAKAL";-16,27;16,03;"0";0
"ZONE NORD";"Nord";"SALDE";-15,47;15,33;"0";0
"ZONE NORD";"Nord";"SAM NDIAYE";-16,06;15,6;"0";0
"ZONE NORD";"Nord";"SAVOIGNE";-16,37;15,71;"0";0
"ZONE NORD";"Nord";"SEMME";-16,42;16,03;"0";0
"ZONE NORD";"Nord";"SINTHIOU-BABAMBE";-12,93;15,18;"0";0
"ZONE NORD";"Nord";"SINTHIOU-GARBA";-13,12;15,37;"0";0
"ZONE NORD";"Nord";"TATKI";-13,27;15,5;"0";0
"ZONE NORD";"Nord";"TESSEKERRE";-15,28;16,22;"0";0
"ZONE NORD";"Nord";"THIAMENE FASS";-15,05;14,85;"0";0
"ZONE NORD";"Nord";"THIARGNY";-13,67;14,55;"0";0
"ZONE NORD";"Nord";"THIEL";-15,51;15,32;"0";0
"ZONE NORD";"Nord";"THIlLEU";-15,05;14,93;"0";0
"ZONE NORD";"Nord";"THILOGNE";-14,87;15,62;"0";0
"ZONE NORD";"Nord";"THIOLOM FALL";-13,58;15,95;"0";0
"ZONE NORD";"Nord";"THIONOKH";-14,75;16,32;"0";0
"ZONE NORD";"Nord";"TOUBA BOUSTANE";-16,32;15,33;"0";0
"ZONE NORD";"Nord";"TOUBA GAYENNE";-15,67;15,1;"0";0
"ZONE NORD";"Nord";"WAOUNDE";-13,88;16,17;"0";0
"ZONE NORD";"Nord";"WISS-WISS";-14,74;14,67;"0";0
"ZONE NORD";"Nord";"YANG-YANG";-15,25;15,27;"0";0
"ZONE CENTRE";"Centre";"PIRE-GOUREYE";-16,74;15,01;"TR";0,1
"ZONE CENTRE";"Centre";"SANGHE";-16,96;14,7;"TR";0,1
"ZONE CENTRE";"Centre";"DIOFFIOR";-16,67;14,18;"107.5";107,5
"ZONE CENTRE";"Centre";"MBELLACADIAO";-16,29;14,34;"105";105
"ZONE CENTRE";"Centre";"NDIEFATTE";-16,2;14,1;"102.5";102,5
"ZONE CENTRE";"Centre";"GAGNICK";-16;14,3;"102";102
"ZONE CENTRE";"Centre";"PATAR LIA";-16,18;14,49;"99";99
"ZONE CENTRE";"Centre";"MBOUR";-16,97;14,42;"96";96
"ZONE CENTRE";"Centre";"PALMARIN";-16,77;14,03;"90";90
"ZONE CENTRE";"Centre";"OUROUR";-16;14,3;"85";85
"ZONE CENTRE";"Centre";"OUADIOUR";-16,06;14,43;"84";84
"ZONE CENTRE";"Centre";"THIADIAYE";-16,7;14,42;"76.799999999999997";76,8
"ZONE CENTRE";"Centre";"DIAOULE";-16,23;14,36;"76";76
"ZONE CENTRE";"Centre";"SANDIARA";-16,79;14,43;"75.5";75,5
"ZONE CENTRE";"Centre";"GOSSAS";-16,08;14,49;"71";71
"ZONE CENTRE";"Centre";"FATICK";-16,4;14,32;"66.599999999999994";66,6
"ZONE CENTRE";"Centre";"KHELCOM";-15,44;14,64;"66.299999999999997";66,3
"ZONE CENTRE";"Centre";"GAINTHE KAYE";-15,95;13,82;"65";65
"ZONE CENTRE";"Centre";"DABALI";-15,68;13,74;"64";64
"ZONE CENTRE";"Centre";"KAOLACK";-16,1;14,1;"64";64
"ZONE CENTRE";"Centre";"GNIBY";-15,6;14,41;"61";61
"ZONE CENTRE";"Centre";"TATTAGUINE";-16,6;14,42;"61";61
"ZONE CENTRE";"Centre";"GUINGUINEO";-16;14,3;"60.5";60,5
"ZONE CENTRE";"Centre";"NGAYENE SABAKH";-15,49;13,68;"60.5";60,5
"ZONE CENTRE";"Centre";"KEUR SAMBA GUEYE";-16,46;13,89;"57";57
"ZONE CENTRE";"Centre";"KAYMOR";-15,58;13,77;"56";56
"ZONE CENTRE";"Centre";"NDIOB";-16,26;14,54;"56";56
"ZONE CENTRE";"Centre";"NGUEKHOKH";-17;14,51;"55";55
"ZONE CENTRE";"Centre";"KAHI";-15,53;14,15;"51";51
"ZONE CENTRE";"Centre";"DAROU SALAM";-15,95;13,84;"50.5";50,5
"ZONE CENTRE";"Centre";"NIAKHAR";-16,39;14,48;"50";50
"ZONE CENTRE";"Centre";"MEDINATOUL-SALAM";-15,21;13,83;"49";49
"ZONE CENTRE";"Centre";"GANDIAYE";-16,43;14,2;"48";48
"ZONE CENTRE";"Centre";"KAOLACK-AGRI";-16,1;14,2;"48";48
"ZONE CENTRE";"Centre";"LATMINGUE";-15,9;14,1;"48";48
"ZONE CENTRE";"Centre";"KAFFRINE";-15,46;14,13;"47";47
"ZONE CENTRE";"Centre";"TOUBACOUTA";-16,47;13,78;"47";47
"ZONE CENTRE";"Centre";"DIANKE-SOUF";-15,3;14,23;"42";42
"ZONE CENTRE";"Centre";"GUEDIAWAYE";-17,39;14,78;"41";41
"ZONE CENTRE";"Centre";"JOAL-FADHIOUTH";-16,85;14,18;"40.5";40,5
"ZONE CENTRE";"Centre";"DAKAR-YOFF";-17,5;14,74;"38.100000000000001";38,1
"ZONE CENTRE";"Centre";"PASSY";-16,26;13,98;"38";38
"ZONE CENTRE";"Centre";"NIORO-DU-RIP";-15,78;13,73;"37.5";37,5
"ZONE CENTRE";"Centre";"MBOSS";-15,8;14,4;"37";37
"ZONE CENTRE";"Centre";"NDIAGANIAO";-16,72;14,53;"36";36
"ZONE CENTRE";"Centre";"FASS-TCHECKENE";-14,77;13,89;"35.700000000000003";35,7
"ZONE CENTRE";"Centre";"CAYAR";-17,13;14,91;"33";33
"ZONE CENTRE";"Centre";"DJILOR SALOUM";-16,33;14,05;"33";33
"ZONE CENTRE";"Centre";"DIMISKHA";-15,06;13,86;"31";31
"ZONE CENTRE";"Centre";"KEUR SALOUM DIANE";-16,34;13,75;"31";31
"ZONE CENTRE";"Centre";"MBAYENNE";-16,3;15,16;"31";31
"ZONE CENTRE";"Centre";"DIAMAGADIO";-15,4;13,8;"30";30
"ZONE CENTRE";"Centre";"DJILOR SINE";-16,69;14,07;"30";30
"ZONE CENTRE";"Centre";"MEDINA-SABBAKH";-15,59;13,6;"30";30
"ZONE CENTRE";"Centre";"MBAO-KM19";-17,33;14,75;"29.600000000000001";29,6
"ZONE CENTRE";"Centre";"BAMBYLOR";-17,18;14,8;"29.300000000000001";29,3
"ZONE CENTRE";"Centre";"DAKAR-GOREE";-17,4;14,67;"28";28
"ZONE CENTRE";"Centre";"DAROU-MINAM2";-15,3;14,54;"26";26
"ZONE CENTRE";"Centre";"POROKHANE";-15,84;13,69;"25";25
"ZONE CENTRE";"Centre";"TAIBA-NIASSENE";-15,78;13,74;"25";25
"ZONE CENTRE";"Centre";"SALY-ESCALE";-14,94;13,85;"24.899999999999999";24,9
"ZONE CENTRE";"Centre";"POPENGUINE";-17,13;14,55;"24.600000000000001";24,6
"ZONE CENTRE";"Centre";"NGATHIE-NAOUNDE";-15,9;14,1;"24.5";24,5
"ZONE CENTRE";"Centre";"FOUNDIOUGNE";-16,47;14,12;"24";24
"ZONE CENTRE";"Centre";"FISSEL";-16,61;14,54;"23.899999999999999";23,9
"ZONE CENTRE";"Centre";"NDIAPTO PEULH";-14,84;13,83;"23";23
"ZONE CENTRE";"Centre";"DALIFORT";-17,42;14,74;"22.199999999999999";22,2
"ZONE CENTRE";"Centre";"DIAMAL";-15,77;14,1;"22";22
"ZONE CENTRE";"Centre";"PAOSKOTO";-15,75;13,77;"21.300000000000001";21,3
"ZONE CENTRE";"Centre";"NGOYE";-16,56;14,62;"20.5";20,5
"ZONE CENTRE";"Centre";"BAMBEY-Agri";-16,49;14,71;"20";20
"ZONE CENTRE";"Centre";"KEUR-MABA DIAKHOUBA";-15,97;13,65;"20";20
"ZONE CENTRE";"Centre";"WACK-NGOUNA";-16,07;13,75;"19";19
"ZONE CENTRE";"Centre";"FIMELA";-16,66;14,13;"18.800000000000001";18,8
"ZONE CENTRE";"Centre";"IDA-MOURIDE";-14,64;14;"18.600000000000001";18,6
"ZONE CENTRE";"Centre";"BAMBEY METEO";-16,47;14,7;"18.5";18,5
"ZONE CENTRE";"Centre";"THIENABA";-16,8;14,77;"18";18
"ZONE CENTRE";"Centre";"SAGNA";-15,36;14,09;"16.5";16,5
"ZONE CENTRE";"Centre";"MECKHE";-16,63;15,12;"15.5";15,5
"ZONE CENTRE";"Centre";"BASSOUL";-16,62;13,83;"15";15
"ZONE CENTRE";"Centre";"DIOKOUL-MBELBOUCK";-15,23;13,96;"15";15
"ZONE CENTRE";"Centre";"NGOUYE";-14,8;14,07;"15";15
"ZONE CENTRE";"Centre";"NOTTO-DIOBASS";-16,87;14,7;"15";15
"ZONE CENTRE";"Centre";"SOKONE";-16,37;13,87;"15";15
"ZONE CENTRE";"Centre";"POUT";-17,09;14,75;"14.300000000000001";14,3
"ZONE CENTRE";"Centre";"MBIRKILANE";-15,73;14,13;"13.9";13,9
"ZONE CENTRE";"Centre";"NGANDA";-15,4;13,86;"13.800000000000001";13,8
"ZONE CENTRE";"Centre";"BOULEL";-15,6;14,29;"13.4";13,4
"ZONE CENTRE";"Centre";"COLOBANE";-15,7;14,64;"13";13
"ZONE CENTRE";"Centre";"MERINA-DAKHAR";-16,46;15,05;"13";13
"ZONE CENTRE";"Centre";"TAIF TCHIEKENE";-14,7;14,54;"13";13
"ZONE CENTRE";"Centre";"TAIF";-15,65;14,79;"12.4";12,4
"ZONE CENTRE";"Centre";"NDIOUM-NGUAINTH";-15,2;14,39;"12";12
"ZONE CENTRE";"Centre";"SEGRE GATTA";-15,73;14;"12";12
"ZONE CENTRE";"Centre";"NIAKHENE";-16,33;15,06;"11.800000000000001";11,8
"ZONE CENTRE";"Centre";"KOUNGHEUL";-14,79;14;"11.6";11,6
"ZONE CENTRE";"Centre";"NDOLNDOL";-16,61;14,66;"11.199999999999999";11,2
"ZONE CENTRE";"Centre";"DANKH SENE";-16,14;14,84;"11";11
"ZONE CENTRE";"Centre";"PEKESSE";-16,42;15,1;"10.5";10,5
"ZONE CENTRE";"Centre";"KEUR-MADIABEL";-16,06;13,85;"10";10
"ZONE CENTRE";"Centre";"LOUR-ESCALE";-14,65;14,17;"10";10
"ZONE CENTRE";"Centre";"NGOLFAGNING";-16,95;14,63;"10";10
"ZONE CENTRE";"Centre";"RIBOT-ESCALE";-14,7;14,4;"10";10
"ZONE CENTRE";"Centre";"SABOYA";-16,08;13,62;"10";10
"ZONE CENTRE";"Centre";"TOUBA MBELLA";-15,71;14,26;"10";10
"ZONE CENTRE";"Centre";"KHOMBOLE";-16,68;14,75;"9.6999999999999993";9,7
"ZONE CENTRE";"Centre";"DAROU SALAM TYP";-16,42;15,11;"9.1999999999999993";9,2
"ZONE CENTRE";"Centre";"MISSIRAH-WADENE";-15,09;14;"9";9
"ZONE CENTRE";"Centre";"THIES";-16,95;14,8;"8.4000000000000004";8,4
"ZONE CENTRE";"Centre";"NDAME";-15,9;14,82;"8.3000000000000007";8,3
"ZONE CENTRE";"Centre";"TOCKY GARE";-16,12;14,58;"8.0999999999999996";8,1
"ZONE CENTRE";"Centre";"KELLE";-16,58;15,18;"8";8
"ZONE CENTRE";"Centre";"KEUR MBOUCKY";-15,81;14,15;"8";8
"ZONE CENTRE";"Centre";"NDEREPPE";-16,53;14,77;"8";8
"ZONE CENTRE";"Centre";"MAKA-YOPP";-14,96;14,07;"7.7999999999999998";7,8
"ZONE CENTRE";"Centre";"SADIO";-15,5;14,78;"7.7000000000000002";7,7
"ZONE CENTRE";"Centre";"MBACKE";-16,8;14,92;"7.2999999999999998";7,3
"ZONE CENTRE";"Centre";"MABO";-15,67;13,94;"7";7
"ZONE CENTRE";"Centre";"THIARE";-15,8;13,9;"7";7
"ZONE CENTRE";"Centre";"MALEM-HODDAR";-15,23;14,1;"5";5
"ZONE CENTRE";"Centre";"NDIOGNICK";-15,63;14,09;"5";5
"ZONE CENTRE";"Centre";"NDOFFANE";-15,9;13,9;"5";5
"ZONE CENTRE";"Centre";"NDIEFOUNE-PARBA";-16,65;14,78;"4.4000000000000004";4,4
"ZONE CENTRE";"Centre";"NDINDY";-16,22;14,92;"4.4000000000000004";4,4
"ZONE CENTRE";"Centre";"MBORRO";-16,88;15,13;"4.0999999999999996";4,1
"ZONE CENTRE";"Centre";"KEUR-SOCE";-16,1;14;"4";4
"ZONE CENTRE";"Centre";"MBEULEUP";-15,57;13,97;"4";4
"ZONE CENTRE";"Centre";"MEOUANE";-16,75;15,06;"4";4
"ZONE CENTRE";"Centre";"MONT-ROLLAND";-16,98;14,92;"4";4
"ZONE CENTRE";"Centre";"TOUBA-TOUL";-16,67;14,8;"4";4
"ZONE CENTRE";"Centre";"DIOURBEL";-16,23;14,65;"3.1000000000000001";3,1
"ZONE CENTRE";"Centre";"BABA GARAGE";-16,5;14,96;"0";0
"ZONE CENTRE";"Centre";"DAKAR-BEL-AIR";-17,42;14,7;"0";0
"ZONE CENTRE";"Centre";"DAROU-KHOUDOSS";-16,86;15,13;"0";0
"ZONE CENTRE";"Centre";"DENI-BIRAME-NDAO";-17,17;14,83;"0";0
"ZONE CENTRE";"Centre";"DIAKHAO";-16,3;14,38;"0";0
"ZONE CENTRE";"Centre";"DIASS";-17,09;14,64;"0";0
"ZONE CENTRE";"Centre";"DIOGO";-16,82;15,3;"0";0
"ZONE CENTRE";"Centre";"FANDENE";-16,85;14,8;"0";0
"ZONE CENTRE";"Centre";"GUAINTH-PATHE";-14,94;14,37;"0";0
"ZONE CENTRE";"Centre";"KAEL";-15,9;14,72;"0";0
"ZONE CENTRE";"Centre";"KATHIOTE";-15,4;13,97;"0";0
"ZONE CENTRE";"Centre";"KEUR SAMBA KANE";-16,62;14,91;"0";0
"ZONE CENTRE";"Centre";"KEUR-MBOUCKY";-15,81;14,15;"0";0
"ZONE CENTRE";"Centre";"KEUR-MOUSSA";-17,12;14,77;"0";0
"ZONE CENTRE";"Centre";"KIRENE-CDS";-17,07;14,67;"0";0
"ZONE CENTRE";"Centre";"KOUL";-16,62;15,06;"0";0
"ZONE CENTRE";"Centre";"KOUMBIDIA PEULH";-15;13,9;"0";0
"ZONE CENTRE";"Centre";"LAMBAYE";-16,51;14,84;"0";0
"ZONE CENTRE";"Centre";"MBAR";-15,77;14,54;"0";0
"ZONE CENTRE";"Centre";"MOURID";-14,64;14,59;"0";0
"ZONE CENTRE";"Centre";"NANGO";-14,64;14,1;"0";0
"ZONE CENTRE";"Centre";"NDAMATOU";-15,83;14,84;"0";0
"ZONE CENTRE";"Centre";"NDIASSANE";-16,36;15,53;"0";0
"ZONE CENTRE";"Centre";"NDIEBEL";-16,2;14,4;"0";0
"ZONE CENTRE";"Centre";"NDIEDIENG";-16,2;13,9;"0";0
"ZONE CENTRE";"Centre";"NDIENE LAGANE";-15,96;14,51;"0";0
"ZONE CENTRE";"Centre";"NDIOBENE-SAMBALAMA";-15,15;14,28;"0";0
"ZONE CENTRE";"Centre";"NDIRNDA";-16,63;13,98;"0";0
"ZONE CENTRE";"Centre";"NGOHE";-16,42;14,62;"0";0
"ZONE CENTRE";"Centre";"NGOUNDIANE";-16,74;14,72;"0";0
"ZONE CENTRE";"Centre";"NGUELOU";-16,1;14,2;"0";0
"ZONE CENTRE";"Centre";"NGUENIENE";-16,76;14,27;"0";0
"ZONE CENTRE";"Centre";"NIODIOR";-16,71;13,84;"0";0
"ZONE CENTRE";"Centre";"NIORO ALASSANE TALL";-16,34;13,77;"0";0
"ZONE CENTRE";"Centre";"NIORO-AGRI";-15,68;13,72;"0";0
"ZONE CENTRE";"Centre";"NOTTO-GOUYE-DIAMA";-17,01;14,99;"0";0
"ZONE CENTRE";"Centre";"NOUNDOUR";-16,3;14,11;"0";0
"ZONE CENTRE";"Centre";"PAMBALL";-16,88;14,97;"0";0
"ZONE CENTRE";"Centre";"RUFISQUE";-17,49;14,73;"0";0
"ZONE CENTRE";"Centre";"SINE-MOUSSA-ABDOU";-16,74;15,18;"0";0
"ZONE CENTRE";"Centre";"TAIBA-NDIAYE";-16,87;15,03;"0";0
"ZONE CENTRE";"Centre";"TASSETE";-16,87;14,61;"0";0
"ZONE CENTRE";"Centre";"TIVAOUANE";-16,82;14,95;"0";0
"ZONE SUD-OUEST";"Sud-Ouest";"KAFOUNTINE";-16,67;13,1;"126.2";126,2
"ZONE SUD-OUEST";"Sud-Ouest";"NIAMOUNE";-16,3;12,74;"96";96
"ZONE SUD-OUEST";"Sud-Ouest";"SINDIAN";-16,18;12,96;"82.299999999999997";82,3
"ZONE SUD-OUEST";"Sud-Ouest";"ENAMPORES";-16,44;12,47;"66";66
"ZONE SUD-OUEST";"Sud-Ouest";"BONA";-15,84;12,96;"64";64
"ZONE SUD-OUEST";"Sud-Ouest";"DOUBIROU";-14,23;13,19;"62.899999999999999";62,9
"ZONE SUD-OUEST";"Sud-Ouest";"NIAGUISS";-16,15;12,57;"60";60
"ZONE SUD-OUEST";"Sud-Ouest";"THIONCK-ESSYL";-16,49;12,78;"60";60
"ZONE SUD-OUEST";"Sud-Ouest";"GOUDOMP";-15,88;12,57;"57.200000000000003";57,2
"ZONE SUD-OUEST";"Sud-Ouest";"TENDOUCK";-16,46;12,72;"56.200000000000003";56,2
"ZONE SUD-OUEST";"Sud-Ouest";"DJIFANGHOR";-16,21;12,57;"56";56
"ZONE SUD-OUEST";"Sud-Ouest";"DIENDE";-15,56;12,79;"52";52
"ZONE SUD-OUEST";"Sud-Ouest";"OULAMPANE";-15,9;12,95;"51";51
"ZONE SUD-OUEST";"Sud-Ouest";"TOBOR";-16,26;12,69;"50.700000000000003";50,7
"ZONE SUD-OUEST";"Sud-Ouest";"KARANTAMBA";-15,5;13,06;"50";50
"ZONE SUD-OUEST";"Sud-Ouest";"DJIREDJI";-15,77;12,62;"48";48
"ZONE SUD-OUEST";"Sud-Ouest";"TENGHORY";-16,22;12,77;"45.299999999999997";45,3
"ZONE SUD-OUEST";"Sud-Ouest";"KAGNOBON";-16,42;12,84;"43.799999999999997";43,8
"ZONE SUD-OUEST";"Sud-Ouest";"KANDIA";-14,22;13,1;"43";43
"ZONE SUD-OUEST";"Sud-Ouest";"SINTHIAN-KOUNDARA";-13,9;13,3;"40";40
"ZONE SUD-OUEST";"Sud-Ouest";"ANAMBE";-14,15;12,95;"39.399999999999999";39,4
"ZONE SUD-OUEST";"Sud-Ouest";"BIGNONA";-16,28;12,65;"37.299999999999997";37,3
"ZONE SUD-OUEST";"Sud-Ouest";"BOUTEGOL";-16,44;12,7;"36.600000000000001";36,6
"ZONE SUD-OUEST";"Sud-Ouest";"CABROUSSE";-16,71;12,35;"36";36
"ZONE SUD-OUEST";"Sud-Ouest";"MLOMP";-16,58;12,55;"36";36
"ZONE SUD-OUEST";"Sud-Ouest";"SAMINE";-15,63;12,49;"35.5";35,5
"ZONE SUD-OUEST";"Sud-Ouest";"MEDINA-MARY";-14,29;13,17;"35.200000000000003";35,2
"ZONE SUD-OUEST";"Sud-Ouest";"BASSIRE";-16,45;12,85;"35";35
"ZONE SUD-OUEST";"Sud-Ouest";"Sedhiou-VILLE";-15,56;12,7;"35";35
"ZONE SUD-OUEST";"Sud-Ouest";"ZIGUINCHOR";-16,27;12,55;"32.399999999999999";32,4
"ZONE SUD-OUEST";"Sud-Ouest";"NIAMING";-14,76;13,31;"32";32
"ZONE SUD-OUEST";"Sud-Ouest";"NEMANTABA";-14,1;13,2;"30";30
"ZONE SUD-OUEST";"Sud-Ouest";"BALINGHOR";-16,35;12,77;"29.699999999999999";29,7
"ZONE SUD-OUEST";"Sud-Ouest";"DIAOBE KABENDOU";-14,16;12,91;"29";29
"ZONE SUD-OUEST";"Sud-Ouest";"DIOGUE";-16,73;12,56;"27";27
"ZONE SUD-OUEST";"Sud-Ouest";"DJIBANAR";-15,81;12,55;"27";27
"ZONE SUD-OUEST";"Sud-Ouest";"Sedhiou-AGRIC";-15,55;12,78;"26";26
"ZONE SUD-OUEST";"Sud-Ouest";"BADION";-14,35;13,08;"25";25
"ZONE SUD-OUEST";"Sud-Ouest";"DIATTACOUNDA";-15,68;12,57;"25";25
"ZONE SUD-OUEST";"Sud-Ouest";"NIASSYA";-16,38;12,44;"25";25
"ZONE SUD-OUEST";"Sud-Ouest";"LOUDIA-OUOLOFF";-16,6;12,5;"24.199999999999999";24,2
"ZONE SUD-OUEST";"Sud-Ouest";"KOUNKANE";-14,08;12,92;"22.5";22,5
"ZONE SUD-OUEST";"Sud-Ouest";"ADEANE";-16,02;12,63;"22.399999999999999";22,4
"ZONE SUD-OUEST";"Sud-Ouest";"MEDINA YORO FOULA";-14,72;13,29;"22";22
"ZONE SUD-OUEST";"Sud-Ouest";"OUSSOUYE";-16,53;12,48;"22";22
"ZONE SUD-OUEST";"Sud-Ouest";"DIOULOULOU";-16,57;13,04;"21.300000000000001";21,3
"ZONE SUD-OUEST";"Sud-Ouest";"THIOBON";-16,54;12,85;"20.699999999999999";20,7
"ZONE SUD-OUEST";"Sud-Ouest";"SIMBANDI BALANTE";-15,78;12,56;"20.199999999999999";20,2
"ZONE SUD-OUEST";"Sud-Ouest";"PATA";-14,95;13,44;"20";20
"ZONE SUD-OUEST";"Sud-Ouest";"BAGADADJI";-14,65;12,85;"18";18
"ZONE SUD-OUEST";"Sud-Ouest";"DIANAH- MALARY";-15,28;12,85;"18";18
"ZONE SUD-OUEST";"Sud-Ouest";"MARSSASSOUM";-15,99;12,83;"18";18
"ZONE SUD-OUEST";"Sud-Ouest";"MPACK";-16,24;12,44;"15.9";15,9
"ZONE SUD-OUEST";"Sud-Ouest";"CAP-SKIRRING";-16,75;12,4;"13.1";13,1
"ZONE SUD-OUEST";"Sud-Ouest";"SANTHIE CHEIKH";-15,06;13,3;"10.1";10,1
"ZONE SUD-OUEST";"Sud-Ouest";"BIGNARABE";-14,88;12,93;"10";10
"ZONE SUD-OUEST";"Sud-Ouest";"KOLDA AGRI";-14,94;12,89;"5";5
"ZONE SUD-OUEST";"Sud-Ouest";"MEDINA-MANDA";-15,2;13,36;"5";5
"ZONE SUD-OUEST";"Sud-Ouest";"SARE BIDJI";-15,01;12,92;"5";5
"ZONE SUD-OUEST";"Sud-Ouest";"PAROUMBA";-13,8;12,8;"4.5";4,5
"ZONE SUD-OUEST";"Sud-Ouest";"SARE YOBA DIEGA";-15,1;12,76;"4.4000000000000004";4,4
"ZONE SUD-OUEST";"Sud-Ouest";"FAFACOUROU";-14,56;13,06;"4";4
"ZONE SUD-OUEST";"Sud-Ouest";"KOLDA METEO";-14,93;12,88;"3.3999999999999999";3,4
"ZONE SUD-OUEST";"Sud-Ouest";"NDORNA";-15,03;13,16;"2";2
"ZONE SUD-OUEST";"Sud-Ouest";"DABO";-14,48;12,88;"1.6000000000000001";1,6
"ZONE SUD-OUEST";"Sud-Ouest";"DIOULACOLON";-14,87;12,82;"1.5";1,5
"ZONE SUD-OUEST";"Sud-Ouest";"BOUNKILING";-15,7;13,04;"1.3999999999999999";1,4
"ZONE SUD-OUEST";"Sud-Ouest";"VELINGARA-CASA";-14,1;13,15;"0.40000000000000002";0,4
"ZONE SUD-OUEST";"Sud-Ouest";"BAMBALY";-15,66;12,61;"0";0
"ZONE SUD-OUEST";"Sud-Ouest";"BOGHAL";-15,58;13,24;"0";0
"ZONE SUD-OUEST";"Sud-Ouest";"BONCONTO";-13,93;13,02;"0";0
"ZONE SUD-OUEST";"Sud-Ouest";"BOUROUCO";-15,23;13,27;"0";0
"ZONE SUD-OUEST";"Sud-Ouest";"DIALADIAN";-13,74;12,7;"0";0
"ZONE SUD-OUEST";"Sud-Ouest";"DIAROUME";-15,62;12,98;"0";0
"ZONE SUD-OUEST";"Sud-Ouest";"DIEMBERING";-16,77;12,47;"0";0
"ZONE SUD-OUEST";"Sud-Ouest";"KOLIBANTANG";-15,21;12,8;"0";0
"ZONE SUD-OUEST";"Sud-Ouest";"KOULINTO";-14,81;13,03;"0";0
"ZONE SUD-OUEST";"Sud-Ouest";"LINKERING";-13,74;12,95;"0";0
"ZONE SUD-OUEST";"Sud-Ouest";"MACOUDA";-16,67;13,14;"0";0
"ZONE SUD-OUEST";"Sud-Ouest";"MEDINA-GOUNASS";-13,8;13,1;"0";0
"ZONE SUD-OUEST";"Sud-Ouest";"OUASSADOU";-14,15;12,74;"0";0
"ZONE SUD-OUEST";"Sud-Ouest";"PAKOUR";-13,96;12,8;"0";0
"ZONE SUD-OUEST";"Sud-Ouest";"SALIKEGNE";-14,74;12,69;"0";0
"ZONE SUD-OUEST";"Sud-Ouest";"SARE-COLI-SALLE";-14,1;13,1;"0";0
"ZONE SUD-OUEST";"Sud-Ouest";"TANAFF";-15,43;12,65;"0";0
"ZONE SUD-EST";"Sud-Est";"NETTEBOULOU";-13,78;13,58;"TR";0,1
"ZONE SUD-EST";"Sud-Est";"KOTHIARY-NAOUNDE";-13,46;13,89;"55";55
"ZONE SUD-EST";"Sud-Est";"KOUSSAN";-12,45;14,13;"47";47
"ZONE SUD-EST";"Sud-Est";"KOUSSANAR";-14,09;13,87;"32";32
"ZONE SUD-EST";"Sud-Est";"DAKATELY";-12,61;12,49;"30.899999999999999";30,9
"ZONE SUD-EST";"Sud-Est";"SALEMATA";-12,62;12,8;"29";29
"ZONE SUD-EST";"Sud-Est";"KOUMPENTOUM";-14,55;13,99;"29";29
"ZONE SUD-EST";"Sud-Est";"BALLOU";-12,23;14,73;"27.199999999999999";27,2
"ZONE SUD-EST";"Sud-Est";"DIAWARA";-12,53;15,02;"25";25
"ZONE SUD-EST";"Sud-Est";"MOUDERY";-12,58;15,05;"25";25
"ZONE SUD-EST";"Sud-Est";"BALA";-13,17;14,02;"24";24
"ZONE SUD-EST";"Sud-Est";"BANDAFASSY";-12,3;12,53;"22.5";22,5
"ZONE SUD-EST";"Sud-Est";"SINTHIOU-FISSA";-12,37;14,38;"22.300000000000001";22,3
"ZONE SUD-EST";"Sud-Est";"GOUDIRY";-12,71;14,18;"18.399999999999999";18,4
"ZONE SUD-EST";"Sud-Est";"TAMBACOUNDA-VILLE";-13,67;13,77;"17";17
"ZONE SUD-EST";"Sud-Est";"DIALAKOTO";-13,3;13,32;"15";15
"ZONE SUD-EST";"Sud-Est";"SINTHIOU-MALEM";-13,94;13,77;"15";15
"ZONE SUD-EST";"Sud-Est";"KEDOUGOU Station";-12,2;12,57;"14.4";14,4
"ZONE SUD-EST";"Sud-Est";"GABOU";-12,4;14,72;"13.699999999999999";13,7
"ZONE SUD-EST";"Sud-Est";"BELE";-12,28;14,4;"12.800000000000001";12,8
"ZONE SUD-EST";"Sud-Est";"SARAYA";-11,79;12,79;"12";12
"ZONE SUD-EST";"Sud-Est";"KIDIRA";-12,22;14,45;"10";10
"ZONE SUD-EST";"Sud-Est";"MISSIRAH";-13,52;13,55;"9";9
"ZONE SUD-EST";"Sud-Est";"GAMBIE-DIAOUBE";-12,27;14,29;"8.1999999999999993";8,2
"ZONE SUD-EST";"Sud-Est";"BAKEL";-12,25;14,54;"7.7000000000000002";7,7
"ZONE SUD-EST";"Sud-Est";"KOULOR";-13,41;13,98;"7.2999999999999998";7,3
"ZONE SUD-EST";"Sud-Est";"GOUMBAYEL";-13,18;13,69;"5";5
"ZONE SUD-EST";"Sud-Est";"TAMBACOUNDA-AERO";-13,68;13,77;"4.5999999999999996";4,6
"ZONE SUD-EST";"Sud-Est";"BOUTOUCOU-FARA";-12,49;13,4;"3";3
"ZONE SUD-EST";"Sud-Est";"MAKO";-12,35;12,84;"2.7000000000000002";2,7
"ZONE SUD-EST";"Sud-Est";"KHOSSANTO";-11,97;13,13;"0.80000000000000004";0,8
"ZONE SUD-EST";"Sud-Est";"BAGNOMBA";-12,39;12,72;"0";0
"ZONE SUD-EST";"Sud-Est";"BANI-ISRAEL";-12,88;13,83;"0";0
"ZONE SUD-EST";"Sud-Est";"DIANKE-MAKHA";-12,66;13,68;"0";0
"ZONE SUD-EST";"Sud-Est";"DINDIFELO";-12,33;12,37;"0";0
"ZONE SUD-EST";"Sud-Est";"DOUGUEY";-12,81;13,99;"0";0
"ZONE SUD-EST";"Sud-Est";"FONGOLIMBY";-12,02;12,42;"0";0
"ZONE SUD-EST";"Sud-Est";"KENIABA";-12,08;14,03;"0";0
"ZONE SUD-EST";"Sud-Est";"KOMOTY";-12,92;13,66;"0";0
"ZONE SUD-EST";"Sud-Est";"MAKA-COULIBANTANG";-14,3;13,67;"0";0
"ZONE SUD-EST";"Sud-Est";"MISSIRAH-SIRIMANA";-11,7;13,09;"0";0
